Aaron Rodgers,GB,2010.0,10.0,368.0,604.0,4226.0,31.0,12.0,51.0,211.0,3.0,308.1
Drew Brees,NO,2010.0,10.0,413.0,645.0,4580.0,33.0,13.0,18.0,44.0,0.0,298.6
Tom Brady,NE,2010.0,5.0,356.0,556.0,4278.0,30.0,14.0,33.0,66.0,1.0,283.7
Peyton Manning,IND,2010.0,7.0,352.0,542.0,4279.0,30.0,13.0,20.0,22.0,1.0,282.4
Tony Romo,DAL,2010.0,4.0,343.0,545.0,4089.0,27.0,12.0,24.0,99.0,1.0,267.5
Matt Schaub,HOU,2010.0,7.0,343.0,545.0,4140.0,26.0,17.0,17.0,66.0,1.0,261.2
Jay Cutler,CHI,2010.0,8.0,315.0,508.0,3759.0,26.0,18.0,56.0,185.0,1.0,254.9
Kevin Kolb,PHI,2010.0,8.0,338.0,573.0,3893.0,24.0,17.0,28.0,65.0,1.0,247.2
Joe Flacco,BAL,2010.0,8.0,315.0,534.0,3526.0,23.0,11.0,35.0,112.0,1.0,235.2
David Garrard,JAC,2010.0,9.0,299.0,483.0,3475.0,18.0,12.0,64.0,295.0,2.0,234.5
Eli Manning,NYG,2010.0,8.0,327.0,554.0,3765.0,25.0,15.0,19.0,42.0,1.0,233.8
Philip Rivers,SD,2010.0,10.0,300.0,476.0,3665.0,25.0,12.0,25.0,35.0,0.0,232.1
Brett Favre,MIN,2010.0,4.0,315.0,508.0,3556.0,24.0,13.0,4.0,16.0,0.0,220.8
Vince Young,TEN,2010.0,9.0,251.0,411.0,2794.0,15.0,9.0,77.0,415.0,2.0,216.3
Donovan McNabb,WAS,2010.0,9.0,284.0,473.0,3309.0,20.0,10.0,32.0,135.0,1.0,215.9
Matt Ryan,ATL,2010.0,8.0,308.0,514.0,3544.0,22.0,15.0,25.0,82.0,0.0,215.0
Carson Palmer,CIN,2010.0,6.0,294.0,459.0,3349.0,22.0,15.0,44.0,61.0,1.0,213.1
Josh Freeman,TB,2010.0,4.0,266.0,428.0,2955.0,17.0,17.0,70.0,295.0,2.0,210.7
Matthew Stafford,DET,2010.0,7.0,293.0,488.0,3267.0,18.0,15.0,50.0,145.0,1.0,206.2
Alex Smith,SF,2010.0,9.0,304.0,523.0,3245.0,19.0,15.0,30.0,102.0,1.0,205.0
Matt Cassel,KC,2010.0,4.0,289.0,490.0,3133.0,18.0,14.0,55.0,224.0,1.0,203.7
Chad Henne,MIA,2010.0,5.0,311.0,527.0,3373.0,17.0,14.0,11.0,41.0,0.0,193.0
Kyle Orton,DEN,2010.0,9.0,297.0,503.0,3222.0,18.0,13.0,22.0,65.0,0.0,192.4
Jason Campbell,OAK,2010.0,10.0,265.0,450.0,3059.0,15.0,12.0,48.0,222.0,1.0,188.6
Mark Sanchez,NYJ,2010.0,7.0,259.0,455.0,2955.0,17.0,15.0,36.0,131.0,0.0,178.3
Ben Roethlisberger,PIT,2010.0,5.0,236.0,374.0,2846.0,17.0,10.0,22.0,65.0,1.0,174.3
Matt Moore,CAR,2010.0,6.0,241.0,409.0,2861.0,15.0,15.0,16.0,49.0,1.0,170.3
Matt Hasselbeck,SEA,2010.0,5.0,229.0,375.0,2585.0,16.0,12.0,28.0,103.0,1.0,167.7
Derek Anderson,ARI,2010.0,6.0,245.0,408.0,2855.0,14.0,12.0,16.0,41.0,0.0,158.3
Sam Bradford,STL,2010.0,9.0,227.0,367.0,2456.0,13.0,13.0,15.0,31.0,0.0,134.3
Trent Edwards,BUF,2010.0,6.0,168.0,275.0,1845.0,11.0,9.0,27.0,105.0,1.0,123.3
Jake Delhomme,CLE,2010.0,8.0,175.0,287.0,2124.0,12.0,9.0,8.0,16.0,0.0,119.6
Brian Brohm,BUF,2010.0,6.0,132.0,224.0,1456.0,7.0,7.0,11.0,45.0,0.0,83.7
Dennis Dixon,PIT,2010.0,5.0,92.0,161.0,1076.0,7.0,5.0,27.0,104.0,1.0,82.4
Charlie Whitehurst,SEA,2010.0,5.0,81.0,135.0,889.0,6.0,6.0,8.0,35.0,0.0,57.1
Seneca Wallace,CLE,2010.0,8.0,78.0,134.0,886.0,4.0,5.0,25.0,72.0,0.0,53.6
Michael Vick,PHI,2010.0,8.0,17.0,29.0,196.0,1.0,1.0,63.0,145.0,2.0,37.3
A.J. Feeley,STL,2010.0,9.0,48.0,81.0,552.0,4.0,6.0,7.0,17.0,0.0,33.8
Jimmy Clausen,CAR,2010.0,6.0,48.0,81.0,565.0,2.0,3.0,6.0,18.0,0.0,29.4
Max Hall,ARI,2010.0,6.0,60.0,96.0,656.0,3.0,3.0,5.0,20.0,0.0,29.2
Shaun Hill,DET,2010.0,7.0,46.0,79.0,526.0,3.0,3.0,8.0,16.0,0.0,27.6
Josh Johnson,TB,2010.0,4.0,31.0,50.0,345.0,2.0,2.0,16.0,35.0,0.0,23.3
Kerry Collins,TEN,2010.0,9.0,34.0,56.0,402.0,2.0,2.0,16.0,19.0,0.0,22.0
David Carr,SF,2010.0,9.0,32.0,54.0,362.0,2.0,1.0,1.0,4.0,0.0,21.9
Rex Grossman,WAS,2010.0,9.0,29.0,52.0,346.0,2.0,2.0,1.0,2.0,0.0,20.0
Bruce Gradkowski,OAK,2010.0,10.0,28.0,47.0,317.0,2.0,1.0,1.0,3.0,0.0,20.0
Tyler Thigpen,MIA,2010.0,5.0,23.0,38.0,245.0,2.0,1.0,5.0,20.0,0.0,18.8
Chris Redman,ATL,2010.0,8.0,31.0,54.0,346.0,1.0,1.0,1.0,3.0,0.0,17.1
Tim Tebow,DEN,2010.0,9.0,23.0,38.0,246.0,1.0,1.0,17.0,49.0,0.0,15.7
Jordan Palmer,CIN,2010.0,6.0,12.0,20.0,135.0,0.0,1.0,20.0,41.0,1.0,14.5
Billy Volek,SD,2010.0,10.0,23.0,38.0,265.0,1.0,1.0,0.0,0.0,0.0,13.6
Dan Orlovsky,HOU,2010.0,7.0,23.0,39.0,261.0,1.0,2.0,3.0,8.0,0.0,13.2
Luke McCown,JAC,2010.0,9.0,27.0,44.0,302.0,1.0,1.0,0.0,0.0,0.0,13.1
Kellen Clemens,NYJ,2010.0,7.0,31.0,55.0,356.0,1.0,1.0,3.0,12.0,0.0,12.4
Tarvaris Jackson,MIN,2010.0,4.0,28.0,48.0,323.0,2.0,2.0,5.0,25.0,0.0,11.4
Jon Kitna,DAL,2010.0,4.0,14.0,23.0,162.0,1.0,1.0,1.0,4.0,0.0,9.9
Sage Rosenfels,NYG,2010.0,8.0,17.0,30.0,213.0,1.0,2.0,0.0,0.0,0.0,8.5
Brodie Croyle,KC,2010.0,4.0,22.0,37.0,249.0,1.0,1.0,7.0,29.0,0.0,7.9
Matt Flynn,GB,2010.0,10.0,20.0,33.0,215.0,0.0,1.0,0.0,0.0,0.0,7.6
Brady Quinn,DEN,2010.0,9.0,16.0,28.0,187.0,0.0,1.0,2.0,6.0,0.0,5.1
Caleb Hanie,CHI,2010.0,8.0,10.0,17.0,114.0,0.0,0.0,1.0,3.0,0.0,4.9
Marc Bulger,BAL,2010.0,8.0,16.0,26.0,172.0,0.0,0.0,3.0,6.0,0.0,1.5
Ryan Fitzpatrick,BUF,2010.0,6.0,2.0,4.0,25.0,0.0,0.0,0.0,1.0,0.0,1.1
Brian Hoyer,NE,2010.0,5.0,14.0,21.0,165.0,0.0,0.0,1.0,2.0,0.0,0.8
Curtis Painter,IND,2010.0,7.0,7.0,10.0,80.0,0.0,0.0,3.0,3.0,0.0,-0.5
Chase Daniel,NO,2010.0,10.0,6.0,10.0,68.0,0.0,0.0,0.0,0.0,0.0,-5.3
Michael Vick,PHI,2011.0,7.0,278.0,457.0,3652.0,25.0,13.0,99.0,725.0,7.0,347.6
Aaron Rodgers,GB,2011.0,8.0,343.0,536.0,4287.0,29.0,12.0,58.0,267.0,3.0,320.2
Tom Brady,NE,2011.0,7.0,369.0,577.0,4268.0,32.0,10.0,24.0,47.0,1.0,299.4
Drew Brees,NO,2011.0,11.0,403.0,630.0,4475.0,33.0,18.0,8.0,21.0,0.0,295.1
Philip Rivers,SD,2011.0,6.0,346.0,541.0,4436.0,29.0,14.0,33.0,46.0,0.0,284.0
Tony Romo,DAL,2011.0,5.0,344.0,546.0,4260.0,26.0,13.0,21.0,86.0,1.0,276.0
Matt Schaub,HOU,2011.0,11.0,361.0,564.0,4288.0,25.0,15.0,18.0,46.0,0.0,261.1
Josh Freeman,TB,2011.0,8.0,299.0,482.0,3329.0,23.0,12.0,66.0,342.0,2.0,259.4
Eli Manning,NYG,2011.0,7.0,340.0,575.0,3913.0,28.0,18.0,24.0,53.0,0.0,255.8
Joe Flacco,BAL,2011.0,5.0,316.0,517.0,3777.0,24.0,11.0,34.0,74.0,1.0,249.5
Jay Cutler,CHI,2011.0,8.0,299.0,482.0,3567.0,24.0,17.0,46.0,195.0,1.0,247.2
Ryan Fitzpatrick,BUF,2011.0,7.0,305.0,509.0,3459.0,22.0,16.0,56.0,302.0,1.0,246.6
Ben Roethlisberger,PIT,2011.0,11.0,284.0,451.0,3562.0,23.0,15.0,49.0,142.0,2.0,245.7
Matt Cassel,KC,2011.0,6.0,320.0,543.0,3475.0,23.0,12.0,37.0,136.0,1.0,238.6
Sam Bradford,STL,2011.0,5.0,354.0,571.0,3825.0,23.0,15.0,24.0,51.0,1.0,237.1
Matt Ryan,ATL,2011.0,8.0,318.0,530.0,3765.0,25.0,14.0,19.0,62.0,0.0,236.8
Matthew Stafford,DET,2011.0,9.0,323.0,530.0,3552.0,23.0,16.0,39.0,114.0,1.0,229.5
Mark Sanchez,NYJ,2011.0,8.0,299.0,524.0,3405.0,19.0,14.0,29.0,104.0,2.0,220.6
Jason Campbell,OAK,2011.0,8.0,261.0,443.0,3009.0,18.0,14.0,51.0,233.0,1.0,207.7
Kevin Kolb,ARI,2011.0,6.0,282.0,477.0,3245.0,19.0,16.0,41.0,135.0,0.0,203.3
Kyle Orton,DEN,2011.0,6.0,277.0,470.0,3150.0,19.0,13.0,38.0,110.0,1.0,202.0
Cam Newton,CAR,2011.0,9.0,251.0,434.0,2645.0,12.0,16.0,71.0,424.0,3.0,198.2
Chad Henne,MIA,2011.0,5.0,315.0,535.0,3422.0,18.0,17.0,11.0,41.0,0.0,196.0
Colt McCoy,CLE,2011.0,5.0,258.0,422.0,2956.0,13.0,11.0,60.0,217.0,1.0,186.9
Kerry Collins,IND,2011.0,11.0,226.0,377.0,2680.0,18.0,14.0,24.0,45.0,0.0,169.7
Donovan McNabb,MIN,2011.0,9.0,246.0,410.0,2867.0,15.0,12.0,26.0,111.0,0.0,167.8
Alex Smith,SF,2011.0,7.0,256.0,441.0,2733.0,16.0,13.0,21.0,72.0,0.0,167.5
Matt Hasselbeck,TEN,2011.0,6.0,233.0,382.0,2633.0,15.0,8.0,9.0,32.0,0.0,160.5
Tarvaris Jackson,SEA,2011.0,6.0,223.0,378.0,2567.0,12.0,13.0,49.0,243.0,1.0,158.0
Luke McCown,JAC,2011.0,9.0,176.0,298.0,2056.0,12.0,11.0,58.0,185.0,1.0,141.7
Andy Dalton,CIN,2011.0,7.0,186.0,327.0,2189.0,10.0,11.0,20.0,41.0,1.0,126.7
Rex Grossman,WAS,2011.0,5.0,174.0,311.0,2086.0,12.0,13.0,30.0,62.0,0.0,122.6
Blaine Gabbert,JAC,2011.0,9.0,128.0,206.0,1485.0,9.0,7.0,22.0,101.0,0.0,96.5
John Beck,WAS,2011.0,5.0,126.0,214.0,1303.0,7.0,7.0,23.0,54.0,0.0,74.5
Bruce Gradkowski,CIN,2011.0,7.0,88.0,149.0,1000.0,7.0,6.0,12.0,43.0,0.0,66.3
Jake Locker,TEN,2011.0,6.0,71.0,119.0,856.0,6.0,7.0,25.0,79.0,1.0,63.1
Colin Kaepernick,SF,2011.0,7.0,65.0,109.0,729.0,5.0,7.0,26.0,121.0,1.0,60.3
Christian Ponder,MIN,2011.0,9.0,76.0,122.0,856.0,4.0,3.0,13.0,55.0,0.0,52.7
Charlie Whitehurst,SEA,2011.0,6.0,71.0,119.0,786.0,4.0,3.0,8.0,35.0,0.0,47.9
Curtis Painter,IND,2011.0,11.0,61.0,94.0,745.0,4.0,2.0,0.0,0.0,0.0,43.8
Shaun Hill,DET,2011.0,9.0,55.0,93.0,623.0,5.0,3.0,8.0,16.0,0.0,43.5
Vince Young,PHI,2011.0,7.0,46.0,75.0,513.0,3.0,2.0,16.0,89.0,0.0,39.4
Jimmy Clausen,CAR,2011.0,9.0,48.0,81.0,566.0,3.0,4.0,3.0,9.0,0.0,31.5
Kyle Boller,OAK,2011.0,8.0,33.0,56.0,356.0,2.0,0.0,5.0,17.0,0.0,23.9
Seneca Wallace,CLE,2011.0,5.0,31.0,54.0,356.0,2.0,1.0,9.0,25.0,0.0,23.7
John Skelton,ARI,2011.0,6.0,33.0,54.0,365.0,2.0,2.0,5.0,18.0,0.0,22.4
Brady Quinn,DEN,2011.0,6.0,31.0,54.0,356.0,2.0,1.0,4.0,11.0,0.0,22.3
Tim Tebow,DEN,2011.0,6.0,19.0,32.0,215.0,2.0,2.0,7.0,36.0,1.0,20.2
Charlie Batch,PIT,2011.0,11.0,26.0,44.0,297.0,2.0,1.0,4.0,8.0,0.0,19.7
Peyton Manning,IND,2011.0,11.0,27.0,41.0,300.0,2.0,0.0,0.0,0.0,0.0,18.0
Tyler Thigpen,BUF,2011.0,7.0,24.0,40.0,255.0,1.0,1.0,5.0,19.0,0.0,15.1
David Garrard,FA,2011.0,-,26.0,42.0,300.0,2.0,1.0,2.0,10.0,0.0,14.0
Matt Leinart,HOU,2011.0,11.0,22.0,35.0,236.0,1.0,1.0,2.0,8.0,0.0,13.2
Chris Redman,ATL,2011.0,8.0,20.0,35.0,226.0,1.0,1.0,1.0,3.0,0.0,12.3
Matt Flynn,GB,2011.0,8.0,20.0,33.0,215.0,1.0,1.0,1.0,3.0,0.0,11.9
Josh Johnson,TB,2011.0,8.0,20.0,32.0,221.0,0.0,0.0,0.0,0.0,0.0,8.8
Brian Hoyer,NE,2011.0,7.0,11.0,18.0,135.0,1.0,1.0,2.0,4.0,0.0,8.8
Tyler Palko,KC,2011.0,6.0,20.0,33.0,225.0,0.0,1.0,2.0,7.0,0.0,8.7
Chase Daniel,NO,2011.0,11.0,19.0,29.0,206.0,0.0,0.0,1.0,2.0,0.0,8.4
Billy Volek,SD,2011.0,6.0,16.0,26.0,176.0,0.0,0.0,0.0,1.0,0.0,7.1
Jon Kitna,DAL,2011.0,5.0,14.0,23.0,164.0,0.0,0.0,1.0,2.0,0.0,6.8
Mark Brunell,NYJ,2011.0,8.0,14.0,24.0,166.0,0.0,0.0,0.0,1.0,0.0,6.7
David Carr,NYG,2011.0,7.0,15.0,25.0,165.0,0.0,0.0,0.0,0.0,0.0,6.6
Tyrod Taylor,BAL,2011.0,5.0,8.0,13.0,84.0,0.0,0.0,11.0,24.0,0.0,5.8
Caleb Hanie,CHI,2011.0,8.0,10.0,17.0,114.0,0.0,0.0,1.0,3.0,0.0,4.9
Mike Kafka,PHI,2011.0,7.0,4.0,6.0,42.0,0.0,0.0,3.0,7.0,0.0,2.4
A.J. Feeley,STL,2011.0,5.0,4.0,7.0,45.0,0.0,0.0,0.0,0.0,0.0,1.8
Ricky Stanzi,KC,2011.0,6.0,1.0,3.0,17.0,0.0,0.0,0.0,1.0,0.0,0.8
Ryan Mallett,NE,2011.0,7.0,1.0,1.0,11.0,0.0,0.0,1.0,1.0,0.0,0.5
Aaron Rodgers,GB,2012.0,10.0,388.0,606.0,4844.0,41.0,10.0,60.0,277.0,3.0,387.5
Tom Brady,NE,2012.0,9.0,427.0,667.0,4936.0,37.0,11.0,27.0,53.0,1.0,341.7
Matthew Stafford,DET,2012.0,5.0,407.0,656.0,4852.0,36.0,15.0,39.0,114.0,1.0,336.5
Drew Brees,NO,2012.0,6.0,428.0,649.0,4932.0,36.0,17.0,18.0,44.0,0.0,326.7
Cam Newton,CAR,2012.0,6.0,310.0,508.0,3756.0,19.0,16.0,115.0,667.0,8.0,320.9
Michael Vick,PHI,2012.0,7.0,286.0,469.0,3752.0,23.0,15.0,87.0,636.0,5.0,312.7
Matt Ryan,ATL,2012.0,7.0,357.0,575.0,4257.0,31.0,14.0,31.0,102.0,1.0,294.5
Eli Manning,NYG,2012.0,11.0,379.0,642.0,4365.0,32.0,18.0,19.0,42.0,0.0,282.8
Philip Rivers,SD,2012.0,7.0,354.0,553.0,4537.0,28.0,15.0,30.0,42.0,0.0,274.7
Tony Romo,DAL,2012.0,5.0,343.0,544.0,4242.0,28.0,12.0,13.0,55.0,1.0,273.2
Peyton Manning,DEN,2012.0,7.0,374.0,575.0,4195.0,27.0,13.0,15.0,17.0,0.0,262.5
Ben Roethlisberger,PIT,2012.0,4.0,331.0,526.0,4156.0,26.0,16.0,31.0,90.0,1.0,257.2
Robert Griffin III,WAS,2012.0,10.0,297.0,530.0,3550.0,20.0,15.0,175.0,367.0,3.0,251.7
Ryan Fitzpatrick,BUF,2012.0,8.0,333.0,554.0,3769.0,23.0,17.0,47.0,256.0,1.0,251.4
Joe Flacco,BAL,2012.0,8.0,314.0,514.0,3755.0,23.0,11.0,34.0,74.0,1.0,240.6
Josh Freeman,TB,2012.0,5.0,307.0,496.0,3419.0,20.0,17.0,58.0,299.0,2.0,233.7
Carson Palmer,OAK,2012.0,5.0,299.0,482.0,3758.0,23.0,16.0,16.0,31.0,1.0,227.4
Christian Ponder,MIN,2012.0,11.0,298.0,480.0,3363.0,18.0,12.0,67.0,275.0,1.0,226.0
Jay Cutler,CHI,2012.0,6.0,287.0,463.0,3429.0,21.0,16.0,40.0,166.0,1.0,223.8
Alex Smith,SF,2012.0,9.0,316.0,544.0,3373.0,21.0,13.0,49.0,165.0,1.0,222.4
Andy Dalton,CIN,2012.0,8.0,303.0,531.0,3558.0,22.0,15.0,20.0,41.0,1.0,221.4
Matt Schaub,HOU,2012.0,8.0,308.0,481.0,3655.0,22.0,13.0,14.0,35.0,0.0,220.7
Sam Bradford,STL,2012.0,9.0,328.0,529.0,3545.0,19.0,14.0,23.0,49.0,1.0,214.7
Russell Wilson,SEA,2012.0,11.0,278.0,464.0,3245.0,17.0,13.0,50.0,250.0,1.0,211.8
Matt Cassel,KC,2012.0,7.0,299.0,507.0,3245.0,22.0,13.0,23.0,84.0,0.0,207.2
Jake Locker,TEN,2012.0,11.0,279.0,464.0,3344.0,19.0,11.0,26.0,82.0,0.0,203.0
Andrew Luck,IND,2012.0,4.0,268.0,412.0,3256.0,17.0,15.0,177.0,195.0,1.0,200.7
Mark Sanchez,NYJ,2012.0,9.0,259.0,455.0,2959.0,20.0,15.0,29.0,104.0,1.0,189.8
Brandon Weeden,CLE,2012.0,10.0,278.0,455.0,3185.0,15.0,14.0,20.0,72.0,0.0,174.6
Blaine Gabbert,JAC,2012.0,6.0,255.0,411.0,2956.0,16.0,13.0,28.0,131.0,0.0,174.3
John Skelton,ARI,2012.0,10.0,204.0,328.0,2232.0,13.0,9.0,25.0,97.0,0.0,140.0
Ryan Tannehill,MIA,2012.0,7.0,174.0,295.0,2067.0,11.0,11.0,25.0,76.0,1.0,127.3
Tim Tebow,NYJ,2012.0,9.0,49.0,83.0,556.0,3.0,2.0,77.0,379.0,5.0,94.1
Kevin Kolb,ARI,2012.0,10.0,130.0,221.0,1655.0,9.0,8.0,18.0,61.0,0.0,88.3
Matt Moore,MIA,2012.0,7.0,97.0,165.0,1156.0,6.0,5.0,7.0,22.0,0.0,63.4
Nick Foles,PHI,2012.0,7.0,55.0,93.0,642.0,3.0,1.0,7.0,17.0,0.0,38.4
Matt Hasselbeck,TEN,2012.0,11.0,49.0,81.0,556.0,4.0,3.0,4.0,16.0,0.0,32.8
Brady Quinn,KC,2012.0,7.0,54.0,95.0,625.0,2.0,1.0,2.0,7.0,0.0,30.7
Drew Stanton,IND,2012.0,4.0,38.0,58.0,456.0,2.0,1.0,21.0,23.0,0.0,27.5
Chad Henne,JAC,2012.0,6.0,43.0,73.0,465.0,2.0,1.0,3.0,11.0,0.0,24.7
Matt Flynn,SEA,2012.0,11.0,38.0,64.0,416.0,2.0,1.0,6.0,23.0,1.0,21.9
Graham Harrell,GB,2012.0,10.0,28.0,43.0,345.0,2.0,1.0,1.0,5.0,0.0,21.3
Charlie Batch,PIT,2012.0,4.0,26.0,44.0,297.0,2.0,1.0,3.0,6.0,0.0,19.5
T.J. Yates,HOU,2012.0,8.0,28.0,44.0,336.0,1.0,1.0,10.0,25.0,0.0,18.9
Rex Grossman,WAS,2012.0,10.0,30.0,53.0,356.0,1.0,1.0,0.0,1.0,0.0,17.3
Dan Orlovsky,TB,2012.0,5.0,28.0,47.0,315.0,1.0,1.0,1.0,2.0,0.0,13.8
Joe Webb,MIN,2012.0,11.0,21.0,33.0,233.0,1.0,1.0,0.0,0.0,0.0,12.3
Kyle Orton,DAL,2012.0,5.0,20.0,35.0,232.0,1.0,1.0,0.0,0.0,0.0,12.3
Colin Kaepernick,SF,2012.0,9.0,23.0,39.0,260.0,0.0,0.0,1.0,4.0,0.0,10.8
Jason Campbell,CHI,2012.0,6.0,20.0,33.0,225.0,0.0,0.0,2.0,11.0,0.0,10.1
Austin Davis,STL,2012.0,9.0,23.0,40.0,262.0,0.0,1.0,0.0,0.0,0.0,9.5
Chase Daniel,NO,2012.0,6.0,19.0,29.0,206.0,0.0,0.0,0.0,0.0,0.0,8.2
Luke McCown,ATL,2012.0,7.0,19.0,33.0,212.0,0.0,1.0,2.0,5.0,0.0,8.0
Tyrod Taylor,BAL,2012.0,8.0,15.0,24.0,162.0,0.0,0.0,3.0,7.0,0.0,7.2
David Carr,NYG,2012.0,11.0,15.0,25.0,165.0,0.0,0.0,0.0,0.0,0.0,6.6
Tarvaris Jackson,BUF,2012.0,8.0,12.0,21.0,144.0,1.0,1.0,3.0,16.0,0.0,6.4
Ryan Mallett,NE,2012.0,9.0,11.0,18.0,136.0,0.0,0.0,0.0,0.0,0.0,5.4
Matt Leinart,OAK,2012.0,5.0,14.0,23.0,158.0,0.0,1.0,0.0,0.0,0.0,5.3
Colt McCoy,CLE,2012.0,10.0,14.0,22.0,156.0,0.0,1.0,0.0,0.0,0.0,3.2
Bruce Gradkowski,CIN,2012.0,8.0,7.0,11.0,75.0,0.0,0.0,1.0,2.0,0.0,3.2
Shaun Hill,DET,2012.0,5.0,6.0,10.0,65.0,0.0,0.0,0.0,0.0,0.0,2.6
Brock Osweiler,DEN,2012.0,7.0,4.0,7.0,45.0,0.0,0.0,0.0,0.0,0.0,1.8
Derek Anderson,CAR,2012.0,6.0,2.0,4.0,26.0,0.0,0.0,1.0,2.0,0.0,1.2
Charlie Whitehurst,SD,2012.0,7.0,1.0,2.0,10.0,0.0,0.0,0.0,0.0,0.0,0.4
Drew Brees,NO,2013.0,7.0,430.0,652.0,5085.0,42.0,18.0,17.0,36.0,1.0,357.0
Aaron Rodgers,GB,2013.0,4.0,374.0,566.0,4530.0,36.0,10.0,57.0,255.0,2.0,344.7
Cam Newton,CAR,2013.0,4.0,290.0,483.0,3722.0,20.0,15.0,125.0,711.0,7.0,319.0
Peyton Manning,DEN,2013.0,9.0,401.0,608.0,4740.0,35.0,12.0,10.0,10.0,0.0,314.6
Colin Kaepernick,SF,2013.0,9.0,273.0,447.0,3356.0,21.0,13.0,116.0,722.0,7.0,313.4
Matt Ryan,ATL,2013.0,6.0,383.0,608.0,4685.0,30.0,13.0,33.0,111.0,1.0,307.5
Matthew Stafford,DET,2013.0,9.0,410.0,672.0,4840.0,27.0,16.0,26.0,88.0,2.0,298.4
Tom Brady,NE,2013.0,10.0,364.0,577.0,4270.0,31.0,13.0,24.0,40.0,2.0,293.8
Tony Romo,DAL,2013.0,11.0,394.0,616.0,4745.0,30.0,17.0,20.0,41.0,1.0,292.9
Russell Wilson,SEA,2013.0,12.0,277.0,447.0,3440.0,24.0,11.0,109.0,547.0,3.0,289.3
Andrew Luck,IND,2013.0,8.0,355.0,591.0,4140.0,24.0,16.0,64.0,242.0,3.0,279.8
Robert Griffin III,WAS,2013.0,5.0,252.0,400.0,3000.0,20.0,10.0,83.0,540.0,5.0,270.0
Eli Manning,NYG,2013.0,9.0,328.0,547.0,4160.0,28.0,16.0,14.0,27.0,1.0,263.1
Josh Freeman,TB,2013.0,5.0,333.0,554.0,3825.0,25.0,16.0,32.0,164.0,1.0,253.4
Matt Schaub,HOU,2013.0,8.0,342.0,535.0,4120.0,24.0,14.0,12.0,6.0,0.0,241.4
Andy Dalton,CIN,2013.0,12.0,320.0,525.0,3572.0,25.0,15.0,44.0,135.0,1.0,239.4
Jay Cutler,CHI,2013.0,8.0,301.0,502.0,3615.0,23.0,16.0,48.0,201.0,1.0,236.7
Alex Smith,KC,2013.0,10.0,305.0,508.0,3556.0,20.0,10.0,49.0,165.0,1.0,228.7
Sam Bradford,STL,2013.0,11.0,327.0,537.0,3650.0,22.0,14.0,37.0,86.0,1.0,226.6
Joe Flacco,BAL,2013.0,8.0,310.0,508.0,3610.0,22.0,12.0,21.0,46.0,1.0,225.0
Ben Roethlisberger,PIT,2013.0,5.0,315.0,500.0,3550.0,22.0,14.0,30.0,84.0,1.0,224.4
Carson Palmer,ARI,2013.0,9.0,323.0,521.0,3749.0,23.0,16.0,17.0,33.0,0.0,219.3
Philip Rivers,SD,2013.0,8.0,330.0,524.0,3771.0,23.0,18.0,27.0,38.0,0.0,216.6
Michael Vick,PHI,2013.0,12.0,250.0,417.0,2916.0,17.0,12.0,53.0,332.0,3.0,213.8
Ryan Tannehill,MIA,2013.0,6.0,285.0,482.0,3376.0,17.0,14.0,50.0,185.0,1.0,209.5
Brandon Weeden,CLE,2013.0,10.0,280.0,475.0,3322.0,17.0,12.0,26.0,95.0,1.0,200.4
EJ Manuel,BUF,2013.0,12.0,240.0,414.0,2771.0,16.0,14.0,51.0,245.0,1.0,187.3
Jake Locker,TEN,2013.0,8.0,198.0,341.0,2420.0,13.0,11.0,42.0,285.0,1.0,170.3
Terrelle Pryor,OAK,2013.0,7.0,195.0,330.0,2144.0,13.0,12.0,43.0,175.0,1.0,149.3
Geno Smith,NYJ,2013.0,10.0,207.0,350.0,2380.0,12.0,12.0,17.0,81.0,1.0,145.3
Matt Cassel,MIN,2013.0,5.0,174.0,295.0,2035.0,12.0,11.0,21.0,78.0,0.0,120.2
Chad Henne,JAC,2013.0,9.0,165.0,284.0,1959.0,10.0,7.0,16.0,58.0,0.0,115.2
Blaine Gabbert,JAC,2013.0,9.0,146.0,247.0,1559.0,8.0,10.0,18.0,65.0,1.0,94.9
Christian Ponder,MIN,2013.0,5.0,99.0,166.0,1110.0,7.0,7.0,22.0,92.0,1.0,78.6
Ryan Fitzpatrick,TEN,2013.0,8.0,87.0,146.0,1005.0,7.0,5.0,11.0,61.0,0.0,67.3
Matt Flynn,OAK,2013.0,7.0,104.0,179.0,1215.0,6.0,7.0,8.0,21.0,0.0,59.7
Kirk Cousins,WAS,2013.0,5.0,52.0,81.0,650.0,5.0,3.0,9.0,31.0,0.0,44.1
Nick Foles,PHI,2013.0,12.0,59.0,100.0,689.0,4.0,3.0,4.0,9.0,0.0,41.5
Mark Sanchez,NYJ,2013.0,10.0,62.0,112.0,725.0,4.0,5.0,6.0,22.0,0.0,38.2
Matt Moore,MIA,2013.0,6.0,48.0,79.0,550.0,4.0,3.0,7.0,22.0,0.0,35.2
Jeff Tuel,BUF,2013.0,12.0,29.0,50.0,344.0,2.0,1.0,9.0,35.0,1.0,28.3
Tyrod Taylor,BAL,2013.0,8.0,16.0,26.0,176.0,1.0,1.0,21.0,87.0,0.0,18.7
Jason Campbell,CLE,2013.0,10.0,34.0,58.0,396.0,1.0,1.0,2.0,11.0,0.0,17.9
Shaun Hill,DET,2013.0,9.0,19.0,31.0,211.0,2.0,1.0,0.0,0.0,0.0,15.4
Bruce Gradkowski,PIT,2013.0,5.0,23.0,40.0,265.0,1.0,1.0,2.0,8.0,0.0,14.4
Matt Barkley,PHI,2013.0,12.0,21.0,36.0,247.0,1.0,1.0,5.0,11.0,0.0,14.0
Dominique Davis,ATL,2013.0,6.0,21.0,37.0,235.0,1.0,0.0,1.0,3.0,0.0,13.7
Drew Stanton,ARI,2013.0,9.0,20.0,31.0,245.0,1.0,1.0,3.0,3.0,0.0,13.1
Colt McCoy,SF,2013.0,9.0,17.0,27.0,192.0,1.0,0.0,1.0,3.0,0.0,12.0
Chase Daniel,KC,2013.0,10.0,19.0,30.0,214.0,1.0,1.0,2.0,4.0,0.0,12.0
Josh McCown,CHI,2013.0,8.0,16.0,25.0,185.0,0.0,0.0,2.0,7.0,0.0,8.1
Josh Johnson,CIN,2013.0,12.0,13.0,21.0,147.0,0.0,0.0,3.0,7.0,0.0,6.6
Seneca Wallace,GB,2013.0,4.0,7.0,12.0,76.0,0.0,0.0,4.0,11.0,0.0,4.1
Dan Orlovsky,TB,2013.0,5.0,8.0,13.0,89.0,0.0,0.0,0.0,0.0,0.0,3.6
Matt Hasselbeck,IND,2013.0,8.0,7.0,12.0,82.0,0.0,0.0,0.0,0.0,0.0,3.3
Kyle Orton,DAL,2013.0,11.0,9.0,16.0,104.0,0.0,1.0,0.0,0.0,0.0,3.2
Kellen Clemens,STL,2013.0,11.0,6.0,10.0,66.0,0.0,0.0,1.0,4.0,0.0,3.0
Luke McCown,NO,2013.0,7.0,6.0,10.0,64.0,0.0,0.0,1.0,3.0,0.0,2.9
Charlie Whitehurst,SD,2013.0,8.0,6.0,10.0,66.0,0.0,0.0,0.0,0.0,0.0,2.6
Ryan Mallett,NE,2013.0,10.0,4.0,6.0,45.0,0.0,0.0,1.0,2.0,0.0,2.0
Brock Osweiler,DEN,2013.0,9.0,4.0,7.0,45.0,0.0,0.0,0.0,0.0,0.0,1.8
Curtis Painter,NYG,2013.0,9.0,4.0,6.0,43.0,0.0,0.0,0.0,0.0,0.0,1.7
Derek Anderson,CAR,2013.0,4.0,3.0,5.0,34.0,0.0,0.0,0.0,0.0,0.0,1.4
T.J. Yates,HOU,2013.0,8.0,2.0,4.0,27.0,0.0,0.0,0.0,0.0,0.0,1.1
Peyton Manning,DEN,2014.0,4.0,437.0,652.0,5152.0,47.0,12.0,22.0,-11.0,0.0,373.0
Drew Brees,NO,2014.0,6.0,422.0,639.0,4988.0,40.0,13.0,19.0,39.0,0.0,344.4
Aaron Rodgers,GB,2014.0,9.0,368.0,558.0,4460.0,37.0,11.0,51.0,228.0,2.0,344.2
Nick Foles,PHI,2014.0,7.0,333.0,528.0,4175.0,29.0,11.0,82.0,313.0,3.0,313.3
Andrew Luck,IND,2014.0,10.0,368.0,613.0,4355.0,27.0,12.0,62.0,299.0,3.0,312.1
Matt Ryan,ATL,2014.0,9.0,421.0,638.0,4720.0,28.0,16.0,22.0,76.0,1.0,292.4
Colin Kaepernick,SF,2014.0,8.0,280.0,474.0,3558.0,23.0,11.0,92.0,549.0,3.0,292.2
Cam Newton,CAR,2014.0,12.0,275.0,459.0,3350.0,22.0,13.0,104.0,572.0,5.0,292.2
Matthew Stafford,DET,2014.0,9.0,375.0,626.0,4504.0,30.0,16.0,23.0,69.0,1.0,291.1
Robert Griffin III,WAS,2014.0,10.0,293.0,473.0,3642.0,21.0,14.0,99.0,572.0,4.0,286.9
Russell Wilson,SEA,2014.0,4.0,268.0,425.0,3401.0,26.0,12.0,95.0,501.0,2.0,286.1
Jay Cutler,CHI,2014.0,9.0,344.0,573.0,4124.0,28.0,15.0,42.0,177.0,1.0,281.7
Tom Brady,NE,2014.0,10.0,388.0,625.0,4441.0,28.0,12.0,13.0,22.0,0.0,275.8
Philip Rivers,SD,2014.0,10.0,363.0,568.0,4259.0,29.0,14.0,27.0,49.0,0.0,273.3
Tony Romo,DAL,2014.0,11.0,362.0,566.0,4129.0,29.0,14.0,24.0,50.0,1.0,270.2
Alex Smith,KC,2014.0,6.0,311.0,519.0,3529.0,23.0,10.0,83.0,389.0,1.0,264.1
Ben Roethlisberger,PIT,2014.0,12.0,366.0,581.0,4182.0,26.0,13.0,27.0,84.0,1.0,262.7
Andy Dalton,CIN,2014.0,4.0,337.0,544.0,3755.0,25.0,14.0,53.0,164.0,1.0,252.6
Ryan Tannehill,MIA,2014.0,5.0,326.0,543.0,3750.0,22.0,16.0,49.0,229.0,1.0,248.9
Joe Flacco,BAL,2014.0,11.0,340.0,567.0,3914.0,22.0,16.0,35.0,84.0,1.0,239.0
Carson Palmer,ARI,2014.0,4.0,357.0,576.0,4150.0,23.0,17.0,9.0,17.0,0.0,236.7
Eli Manning,NYG,2014.0,8.0,343.0,581.0,4011.0,23.0,18.0,17.0,33.0,0.0,229.7
Shaun Hill,STL,2014.0,4.0,285.0,484.0,3240.0,21.0,13.0,38.0,79.0,1.0,214.5
Geno Smith,NYJ,2014.0,11.0,248.0,435.0,2956.0,16.0,12.0,62.0,291.0,2.0,209.3
Ryan Fitzpatrick,HOU,2014.0,10.0,258.0,430.0,2965.0,16.0,14.0,46.0,204.0,1.0,191.0
Johnny Manziel,CLE,2014.0,4.0,261.0,428.0,2825.0,13.0,14.0,70.0,313.0,2.0,190.3
EJ Manuel,BUF,2014.0,9.0,256.0,434.0,2908.0,13.0,12.0,53.0,205.0,2.0,182.8
Derek Carr,OAK,2014.0,5.0,246.0,397.0,2856.0,17.0,15.0,24.0,81.0,0.0,175.3
Josh McCown,TB,2014.0,7.0,231.0,373.0,2759.0,16.0,14.0,27.0,129.0,1.0,175.3
Jake Locker,TEN,2014.0,9.0,234.0,404.0,2546.0,13.0,13.0,41.0,262.0,1.0,173.0
Chad Henne,JAC,2014.0,11.0,226.0,390.0,2456.0,13.0,11.0,10.0,34.0,0.0,138.6
Matt Cassel,MIN,2014.0,10.0,181.0,306.0,2145.0,15.0,12.0,26.0,81.0,0.0,135.9
Teddy Bridgewater,MIN,2014.0,10.0,111.0,188.0,1295.0,6.0,7.0,33.0,89.0,0.0,75.7
Charlie Whitehurst,TEN,2014.0,9.0,95.0,155.0,1055.0,7.0,4.0,17.0,91.0,0.0,73.3
Blake Bortles,JAC,2014.0,11.0,97.0,164.0,1129.0,6.0,6.0,24.0,75.0,0.0,68.7
Brian Hoyer,CLE,2014.0,4.0,75.0,128.0,844.0,7.0,6.0,22.0,43.0,0.0,56.1
Mike Glennon,TB,2014.0,7.0,67.0,114.0,788.0,5.0,5.0,16.0,19.0,0.0,46.4
Kyle Orton,BUF,2014.0,9.0,59.0,99.0,665.0,5.0,4.0,4.0,11.0,0.0,43.7
Michael Vick,NYJ,2014.0,11.0,41.0,70.0,475.0,3.0,2.0,12.0,76.0,1.0,40.6
Matt Schaub,OAK,2014.0,5.0,56.0,93.0,639.0,4.0,2.0,32.0,16.0,0.0,37.2
Ryan Mallett,HOU,2014.0,10.0,52.0,81.0,622.0,3.0,3.0,14.0,27.0,0.0,36.6
Kirk Cousins,WAS,2014.0,10.0,36.0,56.0,449.0,3.0,2.0,4.0,15.0,0.0,29.5
Jason Campbell,CIN,2014.0,4.0,27.0,46.0,313.0,1.0,1.0,1.0,4.0,0.0,15.9
Jimmy Clausen,CHI,2014.0,9.0,24.0,41.0,285.0,1.0,0.0,0.0,0.0,0.0,15.4
Chase Daniel,KC,2014.0,6.0,22.0,36.0,249.0,1.0,1.0,2.0,8.0,0.0,13.8
Brandon Weeden,DAL,2014.0,11.0,19.0,33.0,231.0,1.0,1.0,0.0,0.0,0.0,12.2
Blaine Gabbert,SF,2014.0,8.0,20.0,34.0,213.0,1.0,1.0,2.0,6.0,0.0,12.1
Jimmy Garoppolo,NE,2014.0,10.0,17.0,30.0,189.0,1.0,1.0,2.0,5.0,0.0,11.1
Bruce Gradkowski,PIT,2014.0,12.0,16.0,28.0,185.0,0.0,0.0,0.0,0.0,0.0,7.4
Mark Sanchez,PHI,2014.0,7.0,19.0,31.0,214.0,0.0,0.0,1.0,2.0,0.0,6.8
Tyrod Taylor,BAL,2014.0,11.0,9.0,14.0,97.0,0.0,0.0,1.0,3.0,0.0,4.2
Ryan Nassib,NYG,2014.0,8.0,9.0,14.0,95.0,0.0,0.0,1.0,3.0,0.0,4.1
Brock Osweiler,DEN,2014.0,4.0,7.0,13.0,89.0,0.0,0.0,0.0,0.0,0.0,3.6
Matt Flynn,GB,2014.0,9.0,9.0,15.0,104.0,0.0,1.0,0.0,0.0,0.0,3.2
Matt Moore,MIA,2014.0,5.0,6.0,9.0,66.0,0.0,0.0,0.0,0.0,0.0,2.6
Matt Hasselbeck,IND,2014.0,10.0,4.0,7.0,45.0,0.0,0.0,0.0,0.0,0.0,1.8
Drew Stanton,ARI,2014.0,4.0,3.0,5.0,42.0,0.0,0.0,0.0,0.0,0.0,1.7
Derek Anderson,CAR,2014.0,12.0,3.0,4.0,31.0,0.0,0.0,0.0,0.0,0.0,1.2
T.J. Yates,ATL,2014.0,9.0,2.0,3.0,22.0,0.0,0.0,1.0,2.0,0.0,1.1
Andrew Luck,IND,2015.0,10.0,396.0,638.0,4788.0,36.0,15.0,60.0,289.0,3.0,357.4
Aaron Rodgers,GB,2015.0,7.0,351.0,532.0,4361.0,35.0,8.0,57.0,255.0,2.0,337.9
Russell Wilson,SEA,2015.0,9.0,298.0,472.0,3589.0,24.0,10.0,106.0,616.0,4.0,311.2
Peyton Manning,DEN,2015.0,7.0,385.0,575.0,4430.0,34.0,12.0,30.0,-15.0,0.0,295.7
Matthew Stafford,DET,2015.0,9.0,368.0,614.0,4360.0,28.0,14.0,28.0,83.0,2.0,288.7
Cam Newton,CAR,2015.0,5.0,292.0,487.0,3460.0,21.0,13.0,101.0,555.0,5.0,286.9
Matt Ryan,ATL,2015.0,10.0,403.0,611.0,4520.0,27.0,15.0,26.0,89.0,1.0,284.7
Tony Romo,DAL,2015.0,6.0,346.0,533.0,3994.0,32.0,12.0,21.0,45.0,1.0,280.3
Tom Brady,NE,2015.0,4.0,364.0,578.0,4101.0,31.0,11.0,19.0,32.0,1.0,280.2
Ben Roethlisberger,PIT,2015.0,11.0,374.0,585.0,4444.0,29.0,12.0,19.0,59.0,0.0,279.7
Colin Kaepernick,SF,2015.0,10.0,290.0,483.0,3475.0,22.0,11.0,93.0,557.0,2.0,275.7
Philip Rivers,SD,2015.0,10.0,373.0,565.0,4240.0,29.0,14.0,46.0,83.0,0.0,273.9
Ryan Tannehill,MIA,2015.0,5.0,359.0,561.0,3928.0,26.0,14.0,54.0,256.0,1.0,272.7
Drew Brees,NO,2015.0,11.0,388.0,579.0,4226.0,28.0,14.0,19.0,40.0,1.0,271.0
Eli Manning,NYG,2015.0,11.0,362.0,593.0,4211.0,29.0,18.0,16.0,32.0,0.0,261.6
Jay Cutler,CHI,2015.0,7.0,350.0,564.0,3950.0,25.0,16.0,40.0,167.0,1.0,254.7
Teddy Bridgewater,MIN,2015.0,5.0,317.0,511.0,3578.0,24.0,13.0,91.0,245.0,1.0,250.6
Alex Smith,KC,2015.0,9.0,300.0,476.0,3427.0,22.0,10.0,61.0,289.0,1.0,246.0
Andy Dalton,CIN,2015.0,7.0,328.0,530.0,3655.0,24.0,15.0,56.0,175.0,1.0,244.7
Joe Flacco,BAL,2015.0,9.0,329.0,540.0,3779.0,24.0,15.0,35.0,84.0,1.0,242.6
Carson Palmer,ARI,2015.0,9.0,338.0,546.0,3930.0,22.0,13.0,9.0,17.0,0.0,229.9
Jameis Winston,TB,2015.0,6.0,287.0,486.0,3597.0,22.0,17.0,45.0,181.0,1.0,229.0
Derek Carr,OAK,2015.0,6.0,314.0,524.0,3560.0,23.0,14.0,23.0,79.0,1.0,228.3
Sam Bradford,PHI,2015.0,8.0,293.0,466.0,3446.0,22.0,12.0,24.0,78.0,1.0,223.6
Marcus Mariota,TEN,2015.0,4.0,270.0,457.0,3155.0,16.0,13.0,77.0,392.0,2.0,222.4
Blake Bortles,JAC,2015.0,8.0,284.0,481.0,3226.0,17.0,14.0,66.0,385.0,1.0,219.5
Nick Foles,STL,2015.0,6.0,297.0,478.0,3348.0,20.0,13.0,31.0,117.0,1.0,212.6
Ryan Fitzpatrick,NYJ,2015.0,5.0,220.0,361.0,2529.0,15.0,11.0,47.0,206.0,1.0,172.8
Tyrod Taylor,BUF,2015.0,8.0,221.0,368.0,2468.0,14.0,9.0,47.0,205.0,1.0,172.2
Kirk Cousins,WAS,2015.0,8.0,245.0,395.0,2885.0,15.0,10.0,10.0,35.0,0.0,166.9
Josh McCown,CLE,2015.0,11.0,223.0,385.0,2654.0,13.0,11.0,20.0,95.0,1.0,154.7
Brian Hoyer,HOU,2015.0,9.0,187.0,316.0,2150.0,12.0,10.0,11.0,22.0,0.0,122.2
Ryan Mallett,HOU,2015.0,9.0,122.0,201.0,1545.0,8.0,5.0,40.0,79.0,1.0,96.7
Geno Smith,NYJ,2015.0,5.0,99.0,168.0,1145.0,7.0,6.0,29.0,135.0,1.0,87.3
Mark Sanchez,PHI,2015.0,8.0,98.0,158.0,1156.0,8.0,6.0,16.0,44.0,0.0,72.6
EJ Manuel,BUF,2015.0,8.0,82.0,140.0,936.0,6.0,4.0,20.0,78.0,0.0,63.2
Johnny Manziel,CLE,2015.0,11.0,84.0,140.0,922.0,5.0,5.0,19.0,86.0,1.0,62.5
Colt McCoy,WAS,2015.0,8.0,50.0,79.0,555.0,5.0,3.0,4.0,13.0,0.0,40.5
Zach Mettenberger,TEN,2015.0,4.0,40.0,68.0,466.0,3.0,2.0,3.0,11.0,0.0,29.7
Derek Anderson,CAR,2015.0,5.0,24.0,40.0,281.0,2.0,1.0,2.0,4.0,0.0,18.6
Brandon Weeden,DAL,2015.0,6.0,21.0,35.0,245.0,2.0,0.0,0.0,1.0,0.0,17.9
Chad Henne,JAC,2015.0,8.0,31.0,54.0,341.0,1.0,1.0,3.0,11.0,0.0,17.7
AJ McCarron,CIN,2015.0,7.0,9.0,15.0,101.0,0.0,0.0,0.0,0.0,2.0,16.0
Mike Glennon,TB,2015.0,6.0,26.0,45.0,309.0,2.0,2.0,13.0,16.0,0.0,16.0
Jimmy Garoppolo,NE,2015.0,4.0,23.0,39.0,249.0,2.0,1.0,2.0,5.0,0.0,15.5
Shaun Hill,MIN,2015.0,5.0,23.0,40.0,266.0,1.0,1.0,0.0,0.0,0.0,13.6
Case Keenum,STL,2015.0,6.0,20.0,34.0,229.0,1.0,1.0,1.0,6.0,0.0,12.8
Chase Daniel,KC,2015.0,9.0,16.0,26.0,178.0,1.0,0.0,1.0,4.0,0.0,11.5
Michael Vick,PIT,2015.0,11.0,13.0,21.0,145.0,1.0,0.0,2.0,13.0,0.0,11.1
Ryan Nassib,NYG,2015.0,11.0,17.0,28.0,185.0,1.0,1.0,1.0,3.0,0.0,10.7
Drew Stanton,ARI,2015.0,9.0,17.0,26.0,187.0,1.0,1.0,0.0,0.0,0.0,10.5
Blaine Gabbert,SF,2015.0,10.0,25.0,42.0,264.0,0.0,1.0,1.0,4.0,0.0,10.0
Jimmy Clausen,CHI,2015.0,7.0,12.0,21.0,145.0,1.0,0.0,0.0,1.0,0.0,9.9
Robert Griffin III,WAS,2015.0,8.0,20.0,32.0,236.0,1.0,1.0,4.0,22.0,0.0,6.6
Matt Hasselbeck,IND,2015.0,10.0,13.0,21.0,144.0,0.0,0.0,0.0,0.0,0.0,5.8
Scott Tolzien,GB,2015.0,7.0,9.0,13.0,104.0,0.0,0.0,1.0,4.0,0.0,4.6
Luke McCown,NO,2015.0,11.0,9.0,15.0,94.0,0.0,0.0,0.0,0.0,0.0,3.8
Brock Osweiler,DEN,2015.0,7.0,6.0,10.0,69.0,0.0,0.0,0.0,0.0,0.0,2.8
Matt Schaub,BAL,2015.0,9.0,5.0,8.0,56.0,0.0,0.0,4.0,2.0,0.0,2.4
Matt McGloin,OAK,2015.0,6.0,4.0,6.0,46.0,0.0,0.0,0.0,0.0,0.0,1.8
Kellen Clemens,SD,2015.0,10.0,4.0,7.0,45.0,0.0,0.0,0.0,0.0,0.0,1.8
Matt Moore,MIA,2015.0,5.0,3.0,5.0,35.0,0.0,0.0,0.0,0.0,0.0,1.4
Sean Renfree,ATL,2015.0,10.0,2.0,3.0,22.0,0.0,0.0,1.0,2.0,0.0,1.1
Tarvaris Jackson,SEA,2015.0,9.0,1.0,2.0,16.0,0.0,0.0,0.0,0.0,0.0,0.6
Dan Orlovsky,DET,2015.0,9.0,1.0,2.0,13.0,0.0,0.0,0.0,0.0,0.0,0.5
Aaron Rodgers,GB,2016.0,4.0,353.0,551.0,4297.0,35.0,7.0,64.0,262.0,2.0,339.1
Cam Newton,CAR,2016.0,7.0,294.0,489.0,3620.0,28.0,11.0,118.0,588.0,7.0,338.6
Russell Wilson,SEA,2016.0,5.0,324.0,498.0,3885.0,28.0,9.0,110.0,562.0,4.0,330.6
Andrew Luck,IND,2016.0,10.0,368.0,624.0,4368.0,32.0,14.0,54.0,225.0,2.0,315.2
Tyrod Taylor,BUF,2016.0,10.0,285.0,452.0,3526.0,22.0,8.0,119.0,645.0,3.0,301.5
Drew Brees,NO,2016.0,5.0,410.0,613.0,4655.0,31.0,15.0,14.0,26.0,1.0,299.8
Blake Bortles,JAC,2016.0,5.0,320.0,542.0,4062.0,29.0,16.0,61.0,333.0,2.0,299.8
Ben Roethlisberger,PIT,2016.0,8.0,381.0,577.0,4558.0,30.0,15.0,17.0,26.0,1.0,293.9
Philip Rivers,SD,2016.0,11.0,417.0,632.0,4680.0,30.0,16.0,24.0,44.0,0.0,289.6
Kirk Cousins,WAS,2016.0,9.0,372.0,581.0,4355.0,27.0,16.0,20.0,39.0,2.0,282.1
Jameis Winston,TB,2016.0,6.0,334.0,556.0,4226.0,24.0,17.0,49.0,186.0,3.0,278.6
Eli Manning,NYG,2016.0,8.0,377.0,608.0,4378.0,31.0,15.0,10.0,45.0,0.0,278.6
Carson Palmer,ARI,2016.0,9.0,352.0,568.0,4429.0,29.0,15.0,6.0,28.0,0.0,277.0
Ryan Tannehill,MIA,2016.0,8.0,374.0,593.0,4154.0,25.0,13.0,45.0,209.0,1.0,274.1
Ryan Fitzpatrick,NYJ,2016.0,11.0,322.0,536.0,3751.0,27.0,16.0,65.0,255.0,2.0,273.5
Derek Carr,OAK,2016.0,10.0,376.0,597.0,4176.0,27.0,14.0,26.0,121.0,1.0,271.1
Andy Dalton,CIN,2016.0,9.0,311.0,494.0,3755.0,24.0,11.0,56.0,157.0,3.0,264.9
Alex Smith,KC,2016.0,5.0,308.0,482.0,3469.0,23.0,7.0,73.0,386.0,1.0,264.4
Marcus Mariota,TEN,2016.0,13.0,312.0,487.0,3652.0,22.0,12.0,53.0,313.0,3.0,263.4
Matthew Stafford,DET,2016.0,10.0,365.0,570.0,4159.0,25.0,16.0,30.0,68.0,1.0,259.2
Matt Ryan,ATL,2016.0,11.0,384.0,572.0,4236.0,25.0,15.0,41.0,78.0,0.0,254.2
Brock Osweiler,HOU,2016.0,9.0,315.0,524.0,3775.0,24.0,15.0,52.0,131.0,1.0,251.1
Tom Brady,NE,2016.0,9.0,305.0,476.0,3667.0,26.0,6.0,26.0,39.0,1.0,248.6
Jay Cutler,CHI,2016.0,9.0,331.0,525.0,3731.0,23.0,15.0,41.0,185.0,1.0,244.7
Joe Flacco,BAL,2016.0,8.0,350.0,573.0,3955.0,23.0,13.0,21.0,46.0,0.0,237.8
Robert Griffin III,CLE,2016.0,13.0,280.0,452.0,3256.0,17.0,14.0,59.0,275.0,2.0,219.7
Blaine Gabbert,SF,2016.0,8.0,267.0,445.0,3156.0,15.0,10.0,64.0,322.0,2.0,216.4
Sam Bradford,MIN,2016.0,6.0,277.0,453.0,3129.0,19.0,11.0,28.0,42.0,0.0,186.4
Carson Wentz,PHI,2016.0,4.0,255.0,432.0,2982.0,16.0,14.0,37.0,148.0,1.0,186.1
Tony Romo,DAL,2016.0,7.0,217.0,329.0,2470.0,16.0,7.0,13.0,28.0,0.0,152.6
Jared Goff,LAR,2016.0,8.0,187.0,317.0,2188.0,12.0,13.0,40.0,123.0,1.0,130.8
Trevor Siemian,DEN,2016.0,11.0,183.0,305.0,2046.0,12.0,9.0,27.0,64.0,0.0,127.2
Dak Prescott,DAL,2016.0,7.0,136.0,219.0,1535.0,11.0,5.0,23.0,87.0,1.0,115.1
Paxton Lynch,DEN,2016.0,11.0,139.0,240.0,1659.0,10.0,6.0,38.0,105.0,0.0,110.9
Jimmy Garoppolo,NE,2016.0,9.0,98.0,160.0,1090.0,7.0,3.0,5.0,17.0,0.0,70.3
Chase Daniel,PHI,2016.0,4.0,72.0,116.0,837.0,6.0,3.0,18.0,65.0,1.0,63.0
Case Keenum,LAR,2016.0,8.0,75.0,127.0,866.0,4.0,3.0,2.0,11.0,0.0,48.7
Josh McCown,CLE,2016.0,13.0,55.0,91.0,655.0,5.0,3.0,9.0,37.0,0.0,46.9
Colin Kaepernick,SF,2016.0,8.0,39.0,66.0,452.0,2.0,2.0,10.0,52.0,0.0,25.3
Shaun Hill,MIN,2016.0,6.0,33.0,51.0,386.0,2.0,1.0,1.0,3.0,0.0,22.7
Geno Smith,NYJ,2016.0,11.0,27.0,45.0,316.0,2.0,1.0,9.0,22.0,0.0,21.8
Landry Jones,PIT,2016.0,8.0,30.0,50.0,346.0,2.0,1.0,2.0,6.0,0.0,21.4
AJ McCarron,CIN,2016.0,9.0,24.0,39.0,285.0,2.0,0.0,1.0,4.0,0.0,19.8
Brian Hoyer,CHI,2016.0,9.0,23.0,37.0,256.0,2.0,1.0,2.0,6.0,0.0,17.8
Matt Cassel,TEN,2016.0,13.0,29.0,50.0,347.0,1.0,2.0,1.0,3.0,0.0,16.2
Nick Foles,KC,2016.0,5.0,22.0,35.0,281.0,1.0,0.0,0.0,1.0,0.0,15.3
Drew Stanton,ARI,2016.0,9.0,22.0,33.0,274.0,1.0,0.0,0.0,2.0,0.0,15.2
Brandon Weeden,HOU,2016.0,9.0,26.0,43.0,286.0,1.0,2.0,0.0,0.0,0.0,13.4
EJ Manuel,BUF,2016.0,10.0,21.0,33.0,244.0,1.0,1.0,2.0,5.0,0.0,13.3
Dan Orlovsky,DET,2016.0,10.0,21.0,36.0,244.0,1.0,1.0,1.0,2.0,0.0,13.0
Trevone Boykin,SEA,2016.0,5.0,18.0,29.0,196.0,1.0,1.0,5.0,19.0,0.0,12.7
Ryan Mallett,BAL,2016.0,8.0,21.0,34.0,241.0,1.0,1.0,0.0,0.0,0.0,12.6
Colt McCoy,WAS,2016.0,9.0,19.0,31.0,211.0,1.0,0.0,0.0,0.0,0.0,12.4
Kellen Clemens,SD,2016.0,11.0,14.0,24.0,169.0,1.0,0.0,0.0,0.0,0.0,10.8
Scott Tolzien,IND,2016.0,10.0,14.0,23.0,149.0,1.0,0.0,0.0,0.0,0.0,10.0
Chad Henne,JAC,2016.0,5.0,11.0,19.0,129.0,1.0,0.0,0.0,0.0,0.0,9.2
Mike Glennon,TB,2016.0,6.0,20.0,34.0,226.0,0.0,0.0,0.0,0.0,0.0,9.0
Matt McGloin,OAK,2016.0,10.0,10.0,17.0,116.0,1.0,0.0,0.0,1.0,0.0,8.7
Ryan Nassib,NYG,2016.0,8.0,9.0,15.0,101.0,1.0,1.0,0.0,0.0,0.0,7.0
Brett Hundley,GB,2016.0,4.0,13.0,21.0,142.0,0.0,1.0,1.0,3.0,0.0,5.0
Mark Sanchez,DAL,2016.0,7.0,12.0,19.0,135.0,0.0,1.0,1.0,2.0,0.0,4.6
Derek Anderson,CAR,2016.0,7.0,6.0,9.0,66.0,0.0,0.0,0.0,0.0,0.0,2.6
Luke McCown,NO,2016.0,5.0,5.0,8.0,49.0,0.0,0.0,0.0,0.0,0.0,2.0
Matt Moore,MIA,2016.0,8.0,2.0,4.0,26.0,0.0,0.0,0.0,0.0,0.0,1.0
Matt Schaub,ATL,2016.0,11.0,2.0,3.0,22.0,0.0,0.0,0.0,0.0,0.0,0.9
Aaron Rodgers,GB,2017.0,8.0,403.0,610.0,4455.0,36.0,7.0,58.0,325.0,2.0,355.7
Tom Brady,NE,2017.0,9.0,403.0,610.0,4760.0,36.0,8.0,29.0,50.0,1.0,335.4
Drew Brees,NO,2017.0,5.0,445.0,644.0,4961.0,33.0,14.0,17.0,17.0,1.0,316.1
Russell Wilson,SEA,2017.0,6.0,348.0,535.0,4122.0,27.0,10.0,85.0,367.0,2.0,305.6
Jameis Winston,TB,2017.0,1.0,351.0,565.0,4240.0,30.0,17.0,53.0,184.0,3.0,299.0
Matt Ryan,ATL,2017.0,5.0,367.0,548.0,4549.0,30.0,11.0,33.0,82.0,0.0,291.2
Marcus Mariota,TEN,2017.0,8.0,326.0,518.0,3884.0,26.0,11.0,51.0,322.0,2.0,284.6
Matthew Stafford,DET,2017.0,7.0,393.0,595.0,4285.0,26.0,12.0,40.0,174.0,1.0,282.8
Dak Prescott,DAL,2017.0,6.0,314.0,491.0,3729.0,23.0,9.0,68.0,315.0,3.0,279.7
Philip Rivers,LAC,2017.0,9.0,360.0,580.0,4350.0,31.0,15.0,15.0,27.0,0.0,277.7
Andy Dalton,CIN,2017.0,6.0,349.0,537.0,4083.0,25.0,11.0,46.0,155.0,2.0,275.8
Cam Newton,CAR,2017.0,11.0,306.0,518.0,3626.0,23.0,12.0,67.0,316.0,4.0,274.6
Tyrod Taylor,BUF,2017.0,6.0,272.0,438.0,3110.0,19.0,7.0,81.0,545.0,5.0,273.9
Ben Roethlisberger,PIT,2017.0,9.0,351.0,532.0,4205.0,28.0,14.0,19.0,26.0,1.0,270.8
Kirk Cousins,WAS,2017.0,5.0,365.0,570.0,4217.0,24.0,13.0,33.0,88.0,2.0,268.5
Derek Carr,OAK,2017.0,10.0,360.0,580.0,4120.0,28.0,10.0,31.0,74.0,0.0,268.2
Andrew Luck,IND,2017.0,11.0,300.0,484.0,3727.0,26.0,12.0,48.0,247.0,2.0,267.8
Alex Smith,KC,2017.0,10.0,332.0,503.0,3720.0,20.0,7.0,63.0,246.0,3.0,262.4
Eli Manning,NYG,2017.0,8.0,367.0,574.0,4189.0,28.0,15.0,14.0,25.0,0.0,259.1
Carson Wentz,PHI,2017.0,10.0,350.0,573.0,3955.0,22.0,14.0,50.0,185.0,2.0,252.7
Carson Palmer,ARI,2017.0,8.0,357.0,576.0,4150.0,27.0,15.0,4.0,11.0,0.0,252.1
Joe Flacco,BAL,2017.0,10.0,368.0,574.0,4020.0,22.0,13.0,18.0,38.0,2.0,249.6
Sam Bradford,MIN,2017.0,9.0,356.0,539.0,3879.0,21.0,8.0,18.0,46.0,0.0,229.8
Jay Cutler,MIA,2017.0,1.0,286.0,440.0,3256.0,21.0,14.0,32.0,135.0,1.0,215.7
Brian Hoyer,SF,2017.0,11.0,266.0,444.0,3150.0,20.0,14.0,28.0,75.0,0.0,197.5
Trevor Siemian,DEN,2017.0,5.0,280.0,458.0,3255.0,17.0,10.0,11.0,55.0,0.0,187.7
DeShone Kizer,CLE,2017.0,9.0,216.0,372.0,2715.0,14.0,11.0,67.0,236.0,1.0,183.2
Blake Bortles,JAC,2017.0,8.0,223.0,378.0,2605.0,16.0,10.0,33.0,186.0,1.0,174.8
Mike Glennon,CHI,2017.0,9.0,234.0,389.0,2765.0,15.0,13.0,17.0,64.0,0.0,160.0
Jared Goff,LAR,2017.0,8.0,264.0,463.0,2871.0,13.0,11.0,21.0,45.0,0.0,158.3
Josh McCown,NYJ,2017.0,11.0,221.0,374.0,2430.0,13.0,10.0,35.0,105.0,1.0,151.7
Deshaun Watson,HOU,2017.0,7.0,149.0,253.0,1745.0,9.0,7.0,57.0,245.0,2.0,131.3
Tom Savage,HOU,2017.0,7.0,171.0,290.0,1882.0,10.0,6.0,10.0,11.0,0.0,108.4
Chad Henne,JAC,2017.0,8.0,107.0,178.0,1246.0,7.0,6.0,18.0,47.0,0.0,76.5
Mitchell Trubisky,CHI,2017.0,9.0,85.0,146.0,1025.0,6.0,4.0,10.0,24.0,0.0,63.4
Sean Mannion,LAR,2017.0,8.0,75.0,128.0,856.0,7.0,4.0,11.0,25.0,0.0,58.7
Paxton Lynch,DEN,2017.0,5.0,85.0,147.0,1056.0,4.0,3.0,16.0,31.0,0.0,56.3
Cody Kessler,CLE,2017.0,9.0,68.0,113.0,760.0,5.0,4.0,15.0,37.0,1.0,54.1
Bryce Petty,NYJ,2017.0,11.0,77.0,134.0,886.0,5.0,7.0,7.0,26.0,0.0,51.0
Scott Tolzien,IND,2017.0,11.0,56.0,95.0,616.0,5.0,3.0,3.0,11.0,0.0,42.7
Matt Moore,MIA,2017.0,1.0,59.0,96.0,656.0,3.0,2.0,4.0,19.0,0.0,38.1
C.J. Beathard,SF,2017.0,11.0,39.0,66.0,452.0,2.0,2.0,1.0,7.0,0.0,24.8
Derek Anderson,CAR,2017.0,11.0,33.0,50.0,375.0,2.0,1.0,3.0,6.0,0.0,22.6
Landry Jones,PIT,2017.0,9.0,29.0,48.0,330.0,2.0,1.0,0.0,0.0,0.0,18.2
Nathan Peterman,BUF,2017.0,6.0,21.0,32.0,237.0,2.0,1.0,2.0,4.0,0.0,16.9
Drew Stanton,ARI,2017.0,8.0,22.0,34.0,245.0,2.0,1.0,0.0,0.0,0.0,16.8
Case Keenum,MIN,2017.0,9.0,17.0,28.0,185.0,2.0,0.0,2.0,7.0,0.0,16.1
Matt Cassel,TEN,2017.0,8.0,24.0,43.0,286.0,1.0,1.0,3.0,6.0,0.0,15.0
Jimmy Garoppolo,NE,2017.0,9.0,24.0,38.0,256.0,1.0,0.0,1.0,2.0,0.0,14.4
Patrick Mahomes,KC,2017.0,10.0,22.0,37.0,246.0,1.0,1.0,3.0,9.0,0.0,13.7
Christian Hackenberg,NYJ,2017.0,11.0,21.0,37.0,246.0,1.0,2.0,1.0,4.0,0.0,12.2
Nick Foles,PHI,2017.0,10.0,16.0,27.0,205.0,1.0,0.0,0.0,0.0,0.0,12.2
Geno Smith,NYG,2017.0,8.0,13.0,23.0,152.0,1.0,1.0,2.0,6.0,0.0,9.7
Brett Hundley,GB,2017.0,8.0,13.0,24.0,164.0,1.0,1.0,0.0,0.0,0.0,9.6
Chase Daniel,NO,2017.0,5.0,7.0,12.0,82.0,0.0,0.0,1.0,3.0,0.0,3.6
Ryan Fitzpatrick,TB,2017.0,1.0,8.0,13.0,89.0,0.0,1.0,0.0,0.0,0.0,2.6
Ryan Mallett,BAL,2017.0,10.0,4.0,7.0,49.0,0.0,0.0,0.0,0.0,0.0,2.0
Matt Schaub,ATL,2017.0,5.0,4.0,6.0,46.0,0.0,0.0,0.0,1.0,0.0,1.9
AJ McCarron,CIN,2017.0,6.0,4.0,6.0,45.0,0.0,0.0,0.0,0.0,0.0,1.8
Aaron Rodgers,GB,2018.0,7.0,391.0,611.0,4338.0,36.0,8.0,65.0,343.0,2.0,349.8
Russell Wilson,SEA,2018.0,7.0,325.0,524.0,3880.0,28.0,10.0,88.0,492.0,3.0,320.4
Tom Brady,NE,2018.0,11.0,367.0,556.0,4450.0,33.0,9.0,26.0,42.0,1.0,309.2
Cam Newton,CAR,2018.0,4.0,302.0,511.0,3425.0,21.0,13.0,134.0,668.0,5.0,296.8
Drew Brees,NO,2018.0,6.0,400.0,580.0,4585.0,28.0,15.0,4.0,22.0,1.0,284.6
Matthew Stafford,DET,2018.0,6.0,362.0,565.0,4240.0,26.0,11.0,38.0,135.0,1.0,276.1
Philip Rivers,LAC,2018.0,8.0,357.0,585.0,4448.0,29.0,14.0,10.0,11.0,0.0,275.0
Deshaun Watson,HOU,2018.0,10.0,271.0,452.0,3346.0,24.0,14.0,87.0,507.0,2.0,268.5
Blake Bortles,JAC,2018.0,9.0,326.0,552.0,3811.0,22.0,14.0,63.0,346.0,2.0,265.0
Matt Ryan,ATL,2018.0,8.0,371.0,562.0,4325.0,25.0,13.0,35.0,126.0,0.0,264.6
Kirk Cousins,MIN,2018.0,10.0,347.0,533.0,3945.0,24.0,14.0,52.0,155.0,2.0,263.3
Alex Smith,WAS,2018.0,4.0,330.0,508.0,3559.0,21.0,6.0,65.0,299.0,2.0,262.3
Patrick Mahomes,KC,2018.0,12.0,326.0,525.0,4045.0,24.0,15.0,51.0,182.0,1.0,261.0
Ben Roethlisberger,PIT,2018.0,7.0,339.0,530.0,4084.0,27.0,15.0,18.0,28.0,1.0,259.2
Carson Wentz,PHI,2018.0,9.0,293.0,480.0,3506.0,25.0,10.0,70.0,265.0,1.0,258.7
Jared Goff,LAR,2018.0,12.0,307.0,504.0,3829.0,26.0,8.0,20.0,38.0,1.0,257.0
Dak Prescott,DAL,2018.0,8.0,305.0,501.0,3455.0,20.0,9.0,60.0,336.0,3.0,256.8
Marcus Mariota,TEN,2018.0,8.0,309.0,499.0,3640.0,19.0,14.0,61.0,330.0,3.0,256.6
Jimmy Garoppolo,SF,2018.0,11.0,347.0,534.0,4056.0,23.0,11.0,29.0,46.0,1.0,249.8
Andy Dalton,CIN,2018.0,9.0,308.0,497.0,3530.0,24.0,11.0,44.0,135.0,2.0,249.7
Case Keenum,DEN,2018.0,10.0,330.0,523.0,3768.0,22.0,11.0,56.0,175.0,1.0,249.2
Ryan Tannehill,MIA,2018.0,11.0,333.0,528.0,3855.0,22.0,12.0,30.0,118.0,1.0,244.0
Derek Carr,OAK,2018.0,7.0,344.0,546.0,3770.0,25.0,12.0,23.0,55.0,0.0,242.3
Mitchell Trubisky,CHI,2018.0,5.0,296.0,485.0,3345.0,21.0,15.0,63.0,345.0,2.0,241.3
Eli Manning,NYG,2018.0,9.0,346.0,558.0,3851.0,24.0,15.0,17.0,33.0,1.0,236.3
Joe Flacco,BAL,2018.0,10.0,344.0,538.0,3656.0,20.0,11.0,23.0,49.0,1.0,220.1
Jameis Winston,TB,2018.0,5.0,283.0,457.0,3426.0,21.0,11.0,30.0,109.0,1.0,218.9
Andrew Luck,IND,2018.0,9.0,256.0,419.0,3020.0,20.0,13.0,38.0,195.0,1.0,207.3
Tyrod Taylor,CLE,2018.0,11.0,223.0,359.0,2656.0,14.0,5.0,64.0,331.0,2.0,198.3
Josh McCown,NYJ,2018.0,11.0,227.0,366.0,2528.0,16.0,10.0,35.0,111.0,2.0,176.2
Sam Bradford,ARI,2018.0,9.0,254.0,379.0,2656.0,14.0,6.0,10.0,16.0,0.0,153.8
AJ McCarron,BUF,2018.0,11.0,141.0,243.0,1725.0,9.0,8.0,25.0,66.0,0.0,101.6
Josh Allen,BUF,2018.0,11.0,125.0,227.0,1545.0,9.0,9.0,16.0,42.0,0.0,93.0
Baker Mayfield,CLE,2018.0,11.0,94.0,161.0,1145.0,7.0,5.0,19.0,75.0,0.0,72.3
Josh Rosen,ARI,2018.0,9.0,101.0,174.0,1256.0,7.0,6.0,10.0,25.0,0.0,70.7
Ryan Fitzpatrick,TB,2018.0,5.0,94.0,151.0,1012.0,5.0,2.0,2.0,13.0,0.0,59.8
Sam Darnold,NYJ,2018.0,11.0,81.0,139.0,958.0,6.0,8.0,20.0,45.0,0.0,58.8
Jacoby Brissett,IND,2018.0,9.0,68.0,113.0,771.0,4.0,3.0,24.0,109.0,1.0,58.7
Nick Foles,PHI,2018.0,9.0,57.0,90.0,686.0,8.0,5.0,11.0,35.0,0.0,57.9
Brandon Weeden,HOU,2018.0,10.0,50.0,82.0,556.0,3.0,2.0,4.0,7.0,0.0,32.9
Blaine Gabbert,TEN,2018.0,8.0,30.0,51.0,355.0,3.0,2.0,2.0,13.0,0.0,25.5
Lamar Jackson,BAL,2018.0,10.0,27.0,49.0,335.0,2.0,1.0,8.0,45.0,0.0,24.9
Chase Daniel,CHI,2018.0,5.0,32.0,49.0,355.0,2.0,0.0,2.0,7.0,0.0,22.9
Landry Jones,PIT,2018.0,7.0,27.0,46.0,294.0,1.0,1.0,1.0,8.0,0.0,15.6
Matt Barkley,CIN,2018.0,9.0,22.0,36.0,258.0,1.0,1.0,0.0,1.0,0.0,13.4
Brock Osweiler,MIA,2018.0,11.0,19.0,32.0,226.0,1.0,1.0,0.0,2.0,0.0,12.2
Colt McCoy,WAS,2018.0,4.0,16.0,27.0,186.0,1.0,1.0,3.0,14.0,0.0,11.8
Davis Webb,NYG,2018.0,9.0,11.0,19.0,145.0,0.0,0.0,1.0,6.0,0.0,6.4
Austin Davis,SEA,2018.0,7.0,14.0,22.0,155.0,0.0,0.0,0.0,0.0,0.0,6.2
Sean Mannion,LAR,2018.0,12.0,11.0,19.0,142.0,0.0,0.0,0.0,0.0,0.0,5.7
C.J. Beathard,SF,2018.0,11.0,12.0,19.0,135.0,0.0,0.0,0.0,0.0,0.0,5.4
Trevor Siemian,MIN,2018.0,10.0,10.0,16.0,111.0,0.0,0.0,1.0,6.0,0.0,5.0
EJ Manuel,OAK,2018.0,7.0,10.0,17.0,115.0,0.0,0.0,1.0,4.0,0.0,5.0
Chad Henne,KC,2018.0,12.0,10.0,15.0,111.0,0.0,1.0,1.0,3.0,0.0,3.7
Cody Kessler,JAC,2018.0,9.0,6.0,9.0,65.0,0.0,0.0,0.0,0.0,0.0,2.6
Geno Smith,LAC,2018.0,8.0,6.0,10.0,65.0,0.0,0.0,0.0,0.0,0.0,2.6
DeShone Kizer,GB,2018.0,7.0,4.0,7.0,45.0,0.0,0.0,1.0,3.0,0.0,2.1
Matt Schaub,ATL,2018.0,8.0,4.0,5.0,45.0,0.0,0.0,0.0,0.0,0.0,1.8
Paxton Lynch,DEN,2018.0,10.0,3.0,6.0,36.0,0.0,0.0,0.0,0.0,0.0,1.4
Brian Hoyer,NE,2018.0,11.0,1.0,2.0,16.0,0.0,0.0,0.0,0.0,0.0,0.6
Taylor Heinicke,CAR,2018.0,4.0,1.0,2.0,15.0,0.0,0.0,0.0,0.0,0.0,0.6
Cooper Rush,DAL,2018.0,8.0,1.0,2.0,15.0,0.0,0.0,0.0,0.0,0.0,0.6
